{"stats":{"minecraft:used":{"minecraft:turtle_spawn_egg":2,"minecraft:oak_fence":1,"minecraft:quartz_bricks":29,"minecraft:water_bucket":9,"minecraft:lead":2,"minecraft:dispenser":1,"minecraft:chest":14,"minecraft:sandstone":7,"minecraft:stone":16,"minecraft:jungle_pressure_plate":1,"minecraft:redstone_block":16,"minecraft:spruce_sign":7,"minecraft:quartz_stairs":20,"minecraft:warped_sign":11,"minecraft:oak_leaves":43,"minecraft:dirt":1,"minecraft:sand":44,"minecraft:anvil":1,"minecraft:comparator":3,"minecraft:light_blue_concrete":28,"minecraft:tnt":115,"minecraft:crafting_table":29,"minecraft:crimson_trapdoor":1,"minecraft:yellow_concrete":50,"minecraft:chiseled_quartz_block":6,"minecraft:gray_concrete":35,"minecraft:granite":25,"minecraft:warped_planks":2,"minecraft:redstone_torch":3,"minecraft:oak_log":78,"minecraft:sticky_piston":3,"minecraft:piston":1,"minecraft:wooden_axe":6,"minecraft:lever":5,"minecraft:quartz_pillar":87,"minecraft:command_block":15,"minecraft:heavy_weighted_pressure_plate":18,"minecraft:light_weighted_pressure_plate":21,"minecraft:iron_axe":10,"minecraft:grass_block":29,"minecraft:map":16,"minecraft:barrier":127,"minecraft:oak_button":19,"minecraft:stone_button":23,"minecraft:spruce_trapdoor":1,"minecraft:oak_pressure_plate":30,"minecraft:item_frame":12,"minecraft:diamond_sword":5,"minecraft:cod_spawn_egg":1,"minecraft:emerald_block":1,"minecraft:jungle_button":7,"minecraft:lapis_block":1,"minecraft:chain_command_block":29,"minecraft:bucket":5,"minecraft:birch_log":2,"minecraft:trapped_chest":1,"minecraft:repeating_command_block":85,"minecraft:oak_boat":123,"minecraft:warped_button":1,"minecraft:turtle_egg":1,"minecraft:observer":10,"minecraft:golden_axe":9},"minecraft:dropped":{"minecraft:oak_log":1,"minecraft:tnt":64,"minecraft:stone_button":5,"minecraft:oak_boat":2,"minecraft:redstone_block":1},"minecraft:crafted":{"minecraft:golden_axe":9,"minecraft:oak_door":78,"minecraft:oak_planks":1184,"minecraft:wooden_shovel":2,"minecraft:crafting_table":27,"minecraft:golden_shovel":7,"minecraft:diamond_shovel":13,"minecraft:bucket":25,"minecraft:heavy_weighted_pressure_plate":15,"minecraft:oak_trapdoor":2,"minecraft:oak_boat":28,"minecraft:diamond_pickaxe":5,"minecraft:iron_axe":10,"minecraft:light_weighted_pressure_plate":12,"minecraft:stick":204,"minecraft:iron_pickaxe":21,"minecraft:wooden_axe":7,"minecraft:iron_shovel":5,"minecraft:oak_button":6,"minecraft:golden_boots":1},"minecraft:picked_up":{"minecraft:birch_log":2,"minecraft:seagrass":2,"minecraft:crafting_table":27,"minecraft:barrier":1,"minecraft:wheat":3,"minecraft:redstone_block":132,"minecraft:filled_map":2,"minecraft:enchanted_book":3,"minecraft:diamond_horse_armor":1,"minecraft:oak_log":52,"minecraft:jungle_button":5,"minecraft:gunpowder":4,"minecraft:string":3,"minecraft:cooked_salmon":5,"minecraft:name_tag":1,"minecraft:bone":8,"minecraft:apple":1,"minecraft:comparator":1,"minecraft:heart_of_the_sea":1,"minecraft:iron_ingot":7,"minecraft:stone_pickaxe":1,"minecraft:oak_boat":15,"minecraft:redstone_torch":50,"minecraft:chest":1,"minecraft:stick":1,"minecraft:chain_command_block":1,"minecraft:stone_button":143,"minecraft:warped_planks":1,"minecraft:prismarine_crystals":1,"minecraft:tnt":67,"minecraft:repeating_command_block":3,"minecraft:rotten_flesh":4,"minecraft:stone_axe":1,"minecraft:beetroot_seeds":7,"minecraft:lever":1,"minecraft:warped_sign":7,"minecraft:gold_ingot":1,"minecraft:oak_button":9,"minecraft:coal":2},"minecraft:custom":{"minecraft:interact_with_anvil":1,"minecraft:mob_kills":1,"minecraft:interact_with_crafting_table":40,"minecraft:play_one_minute":245586,"minecraft:leave_game":32,"minecraft:time_since_death":67,"minecraft:time_since_rest":68,"minecraft:sprint_one_cm":3848,"minecraft:damage_taken":580,"minecraft:walk_one_cm":390182,"minecraft:trigger_trapped_chest":1,"minecraft:drop":7,"minecraft:damage_dealt":310,"minecraft:fly_one_cm":130177,"minecraft:open_chest":274,"minecraft:crouch_one_cm":15389,"minecraft:deaths":5365,"minecraft:sneak_time":10479,"minecraft:walk_under_water_one_cm":1048,"minecraft:boat_one_cm":17208,"minecraft:jump":555,"minecraft:walk_on_water_one_cm":5526,"minecraft:fall_one_cm":751,"minecraft:inspect_dispenser":2},"minecraft:killed":{"minecraft:turtle":1},"minecraft:mined":{"minecraft:crafting_table":27,"minecraft:tnt":1,"minecraft:oak_log":11}},"DataVersion":2567}