{"stats":{"minecraft:used":{"minecraft:turtle_spawn_egg":2,"minecraft:oak_fence":1,"minecraft:quartz_bricks":29,"minecraft:water_bucket":8,"minecraft:lead":2,"minecraft:chest":14,"minecraft:sandstone":7,"minecraft:stone":16,"minecraft:jungle_pressure_plate":1,"minecraft:redstone_block":11,"minecraft:spruce_sign":7,"minecraft:quartz_stairs":20,"minecraft:warped_sign":11,"minecraft:oak_leaves":43,"minecraft:dirt":1,"minecraft:sand":44,"minecraft:anvil":1,"minecraft:comparator":3,"minecraft:light_blue_concrete":28,"minecraft:tnt":90,"minecraft:crafting_table":7,"minecraft:crimson_trapdoor":1,"minecraft:yellow_concrete":50,"minecraft:chiseled_quartz_block":6,"minecraft:gray_concrete":35,"minecraft:granite":23,"minecraft:warped_planks":2,"minecraft:redstone_torch":2,"minecraft:oak_log":78,"minecraft:wooden_axe":1,"minecraft:lever":5,"minecraft:quartz_pillar":87,"minecraft:command_block":14,"minecraft:heavy_weighted_pressure_plate":10,"minecraft:light_weighted_pressure_plate":10,"minecraft:iron_axe":2,"minecraft:grass_block":29,"minecraft:map":16,"minecraft:barrier":127,"minecraft:oak_button":13,"minecraft:stone_button":21,"minecraft:spruce_trapdoor":1,"minecraft:oak_pressure_plate":30,"minecraft:item_frame":12,"minecraft:diamond_sword":5,"minecraft:cod_spawn_egg":1,"minecraft:emerald_block":1,"minecraft:jungle_button":7,"minecraft:lapis_block":1,"minecraft:birch_log":2,"minecraft:bucket":1,"minecraft:chain_command_block":18,"minecraft:trapped_chest":1,"minecraft:repeating_command_block":84,"minecraft:oak_boat":99,"minecraft:warped_button":1,"minecraft:turtle_egg":1,"minecraft:golden_axe":1},"minecraft:crafted":{"minecraft:golden_axe":1,"minecraft:oak_door":12,"minecraft:oak_planks":220,"minecraft:wooden_shovel":1,"minecraft:crafting_table":5,"minecraft:golden_shovel":1,"minecraft:diamond_shovel":1,"minecraft:bucket":4,"minecraft:heavy_weighted_pressure_plate":3,"minecraft:oak_boat":6,"minecraft:diamond_pickaxe":1,"minecraft:iron_axe":2,"minecraft:light_weighted_pressure_plate":2,"minecraft:stick":32,"minecraft:iron_pickaxe":3,"minecraft:wooden_axe":1,"minecraft:iron_shovel":1},"minecraft:picked_up":{"minecraft:birch_log":2,"minecraft:seagrass":2,"minecraft:crafting_table":5,"minecraft:barrier":1,"minecraft:wheat":3,"minecraft:redstone_block":124,"minecraft:enchanted_book":3,"minecraft:diamond_horse_armor":1,"minecraft:oak_log":6,"minecraft:jungle_button":5,"minecraft:gunpowder":4,"minecraft:string":3,"minecraft:cooked_salmon":5,"minecraft:name_tag":1,"minecraft:bone":8,"minecraft:comparator":1,"minecraft:heart_of_the_sea":1,"minecraft:iron_ingot":6,"minecraft:stone_pickaxe":1,"minecraft:oak_boat":15,"minecraft:chest":1,"minecraft:stick":1,"minecraft:chain_command_block":1,"minecraft:stone_button":143,"minecraft:warped_planks":1,"minecraft:prismarine_crystals":1,"minecraft:tnt":67,"minecraft:repeating_command_block":3,"minecraft:rotten_flesh":4,"minecraft:stone_axe":1,"minecraft:beetroot_seeds":7,"minecraft:lever":1,"minecraft:warped_sign":7,"minecraft:gold_ingot":1,"minecraft:oak_button":3,"minecraft:coal":2},"minecraft:dropped":{"minecraft:oak_log":1,"minecraft:tnt":64,"minecraft:stone_button":5,"minecraft:oak_boat":2},"minecraft:killed":{"minecraft:turtle":1},"minecraft:custom":{"minecraft:interact_with_anvil":1,"minecraft:mob_kills":1,"minecraft:interact_with_crafting_table":8,"minecraft:play_one_minute":191056,"minecraft:leave_game":27,"minecraft:time_since_death":2,"minecraft:time_since_rest":3,"minecraft:sprint_one_cm":254,"minecraft:damage_taken":580,"minecraft:walk_one_cm":323610,"minecraft:trigger_trapped_chest":1,"minecraft:drop":6,"minecraft:damage_dealt":310,"minecraft:fly_one_cm":108915,"minecraft:open_chest":75,"minecraft:crouch_one_cm":14965,"minecraft:deaths":5183,"minecraft:sneak_time":9250,"minecraft:walk_under_water_one_cm":1048,"minecraft:boat_one_cm":11794,"minecraft:jump":420,"minecraft:walk_on_water_one_cm":5368,"minecraft:fall_one_cm":751},"minecraft:mined":{"minecraft:crafting_table":5,"minecraft:tnt":1,"minecraft:oak_log":3}},"DataVersion":2567}